sgpa,jee_score,marks_12,attendance,gender
8.01714020039844,196,70.33280270449163,42.714656060616576,0
6.637611478413223,161,78.30618467794531,42.05781832498727,1
4.59555732514106,150,57.2494929537588,42.83670370298996,0
7.198407221211776,63,70.20542912407194,50.92935458458603,1
4.4546263138704,178,55.36748003898458,62.43782790845994,1
5.661128403965062,180,62.579196854454224,72.72416838499251,0
6.1369047372066845,66,89.50990101935619,59.79985905705069,1
6.771929062153263,157,74.86141056967617,64.07517569129996,1
7.140632612387805,126,62.26312181363827,69.97205715006007,1
7.486964720971741,147,44.52650251440173,87.7581007231975,0
7.949748444406902,67,73.6660896226949,56.271679208195195,1
4.659451764473046,139,64.5397068507734,86.191418171009,0
5.713852258163524,141,44.505704864155256,78.15976003017485,0
5.007798054077667,63,40.126721534254656,66.64611341468083,1
7.53662115051053,126,81.76173233012,88.82219809759039,1
4.1669963217913875,61,77.62491696895458,40.48496555215801,0
8.546250218040292,50,86.37475799307819,84.41852888712872,0
6.025803324412201,93,46.76080500433166,65.16220885826262,1
7.802177351696555,144,45.798497497953036,40.63138119505366,1
6.368791878807621,185,76.78416651445258,78.26460089521763,1
5.433594589614362,146,78.58275716301941,65.58980514547699,1
7.756462443823159,41,53.0021586969788,46.170013981966996,1
4.485449717173678,62,71.59315236077005,63.621413875715234,0
6.0617889415602875,194,58.82141636041041,46.691049930532465,1
5.408194812798111,90,44.292994365028775,46.315749362755625,0
5.951388902948461,75,44.30178373544418,66.81309622475366,0
8.355546048045447,62,54.78070993537918,53.34936154372616,1
4.406225586293586,183,83.97191906724777,42.20359632893924,0
6.789655825318418,101,79.90599100432014,56.88426996429491,0
6.737671394148801,100,54.84845169990683,58.34712940235933,0
5.661015348092061,90,67.08425209966609,60.37252614194354,1
8.866344067689107,125,41.739202956420094,64.81965223061513,1
5.431380488389575,143,67.06457760354749,50.38565402196342,1
6.541287493202196,53,40.21192386448348,75.44587204860021,1
4.739753679704539,153,72.36997167062196,73.36604840764733,1
4.9821699239470805,92,63.625905856147185,89.60285014698707,0
8.204100053678392,86,58.16696297745342,56.36711442374616,1
4.018766015959599,119,63.24111095892786,60.16256712295214,1
7.913105050771263,152,87.24977866123939,73.47548919061816,0
8.167388584587266,119,84.07721067431063,55.635175277263826,1
8.689536692471991,142,48.52786650192704,63.261419779065356,1
8.863008316242261,111,86.38719571837436,61.42603003101625,1
8.164115209679652,132,55.06207538609981,86.97596470466277,0
4.329088029373008,146,66.27066546723671,67.73356791995229,1
6.018962800665301,180,75.07309245399989,66.58851036774551,0
5.8739674316381585,198,65.31012809954413,54.54438503101875,1
6.537506733714789,67,69.8654681860603,44.645361286792586,0
8.889384798317025,148,63.07538114529157,56.36049972840615,1
8.09495104470265,173,79.79959278541612,88.48545790235805,1
4.9377062204738404,180,47.88747771506564,76.24588173227887,0
7.490240597077395,123,51.075018084412186,61.368847063063505,1
7.413053834470676,48,49.30182120724645,48.74462176887532,0
8.995490738817084,195,76.48656441593448,42.796187649341384,1
6.413155803105934,57,89.50306517843086,61.559021207773114,0
7.652963379228258,177,74.70345215602043,51.00786911218429,0
7.975911782253057,96,47.68439224017901,55.449344714452266,1
5.306958402723709,66,79.63728425117881,62.164510507991366,0
4.805368781594587,40,87.38699468806416,46.755680166261044,1
7.492515762186339,179,47.8365645429454,54.2590661408792,0
8.497545869404572,144,42.797983251344334,65.0093466889917,0
8.575778092444953,58,72.5125593517873,51.787129913101026,1
5.562245075245912,114,81.50102783769272,44.71117774043957,0
8.770630776539111,177,52.547874794785564,84.40972228254327,1
7.62132049757361,140,62.24619457328309,81.74590055869845,1
4.1045519349704085,116,56.82424791997537,87.99619786868134,1
7.627727605948187,127,68.72431733268948,65.47830968445962,1
6.908296142066503,59,48.42573528199568,56.49695011780753,1
8.77284348192107,178,51.59644290749792,55.84738284477357,1
7.711659729039588,75,74.82847169224232,55.38290579468514,0
4.987516939070444,100,64.8232755402726,80.33430065851883,0
8.745032541527774,174,49.9657830878259,89.48188480073804,1
8.291816622589504,150,64.93690600254381,58.47416010594114,1
6.245231034776721,73,80.88321889087882,69.83622616313949,0
8.118251885359186,142,86.2395138063549,81.01529018937296,0
8.986343901517438,77,72.94077810529586,77.25357854278195,1
6.820653189026338,150,84.17848840609199,60.86185559127534,1
6.945007981002835,138,85.13735058043952,69.34298305006001,0
6.120135079604161,182,73.36878253312395,43.49500337483681,0
8.477439320771795,150,80.05251806284775,47.99467138254866,1
6.221863278128611,52,52.511807523797785,53.650063313308166,1
6.886187222082664,89,86.47021242091765,51.57699715211707,1
7.300967625299384,105,71.83765230600788,68.40183395682217,0
5.512215221621052,113,77.90136574188129,83.4677047627363,1
4.114788572659803,41,72.37965721462206,66.9402110178267,1
8.188346865748098,113,72.31607357227172,69.84654231382362,1
5.5976645983699775,63,86.4664594579747,43.130889049037705,0
5.877609630606914,196,63.12999894217607,77.10732246599619,1
4.908618117424073,133,74.06801076759699,63.73994670242767,0
8.156759100724248,141,67.85619477413998,42.40222690675578,0
4.924371436538508,165,41.2562713670236,53.39865849641747,0
8.848434160353815,180,53.6410329262246,61.356235789652104,1
7.482228040203289,122,59.583741041293116,88.12984824917086,1
7.028312659788736,58,89.13334894742425,61.52567449558708,1
6.480033072192494,64,69.7026299297151,50.34561808200337,0
7.544421897890499,94,58.117336042654024,54.39948673997668,1
5.302209302007339,164,67.37951680162168,88.34898560908297,1
7.26337441817955,125,56.172924096409304,84.14513514338435,1
7.114868113207292,139,79.30704666856087,84.97857951836008,0
8.18046668302452,90,40.047447072905626,83.07225494461731,0
5.78618200921201,171,53.43327792881018,69.17645343381679,0
8.772768677270294,159,50.509688669651844,42.67799626551454,0
4.316800139292485,68,83.67978234220328,78.1300354702883,1
8.335678805617327,53,74.18213459348141,82.87399147330049,1
6.757375028119842,177,50.316386785721136,80.79568435380216,1
8.447935492582287,192,88.09962655455496,56.01296848678504,0
7.734187974825499,197,64.56548578564541,44.27578528458238,1
5.039176163435879,65,55.70249818414189,58.80580035659292,0
6.4411698661198,162,43.76285444611172,40.68409674393462,0
6.954361649302577,174,78.0898433958881,73.62742236937589,1
8.354364794684429,138,84.34804638129842,60.77575342494522,0
7.996461496822187,120,84.8844483725716,49.366535110784945,1
8.772676084620624,170,85.58077953269031,50.48125927894254,0
4.866763225277159,133,87.7402034681513,82.08110190314662,0
4.5341850154489585,135,86.7956668091212,48.74856965672795,1
7.135796992723579,79,56.27009542616038,56.20112629238821,0
5.8717255786922085,175,79.95181052345019,45.21122503606996,0
7.260031370523103,180,76.6015335419134,41.83352947921466,0
7.432861320779542,149,47.10385194029494,81.59620829690132,0
6.378974948576111,184,86.26218487077773,46.30206331331682,1
7.329073873389921,57,85.12101161557453,41.24534931436615,1
8.767504147522068,126,73.021415557348,79.33108973504993,1
4.907723729022227,92,85.43660715550772,47.8758871730959,1
7.501053433928254,178,47.299522349721734,54.56713545385726,0
6.236681320358495,73,53.388904450046546,47.97337926262363,1
6.622604716197737,153,64.90374666615084,83.6675398050579,1
4.461774203695196,81,63.73970349189542,51.32566513547006,1
7.3605408524326075,180,40.01153502234108,48.04451835253218,0
8.56734233165691,142,53.568437329896916,55.44870000802857,1
5.657698566270243,198,66.11610899775386,45.40651499716132,0
8.84495287863724,76,46.510828230137264,40.59513417175976,0
4.870497320507168,156,80.52638720389317,85.87112620694342,0
4.279650140198694,60,63.163310583478214,48.73311212551269,1
4.303856733588156,184,88.30146031184523,46.861215397282315,1
7.89916853020386,155,56.052375107375184,49.93243005733279,1
6.824008076282557,94,81.25437170413979,53.42415505609249,0
4.677232598507375,199,70.10131198474711,84.05278954712591,0
6.415526412024326,106,44.31138167809197,74.62254071059374,1
7.284412109924446,94,48.31842958646753,47.24253290907557,1
8.670631986640899,66,81.73696430903044,74.1247032741361,1
6.715619754617688,55,72.46759369517005,84.82469351430044,0
5.417714739849411,141,73.53937734196641,50.89098738804926,1
5.093052095377184,120,55.95451297746989,77.16470570414603,0
7.711780053331992,54,51.09398915143998,43.20831181559872,0
6.4873895659642224,176,77.91749128860067,64.321230300289,0
4.831968120824282,158,77.26328126851118,74.05351588821414,1
8.79620914282535,65,77.41342670073703,40.47315631701244,1
5.79382028579974,56,64.47114383570225,76.37624422452298,1
6.001814299505775,159,40.73129371846722,75.47540981332358,1
7.4318858604980065,146,74.78619379852384,47.28951724015966,1
8.670231013342871,74,43.412232090488665,41.57284259446853,0
5.924448071511847,158,46.6095629596289,74.09232216617485,0
5.7573612524955005,199,86.04587182935109,41.99756682766928,1
5.861677590498712,146,87.73668396471658,85.06194870761587,0
4.856159086552088,51,68.81066889183552,75.17763326485294,1
4.892367717505278,69,82.91224587796027,60.42346038703994,0
7.211431819260665,182,44.64785129379095,58.01738724033834,1
8.87610090956305,52,60.575176711631805,66.15870137808663,0
4.3671962474795,137,60.06145212264412,86.18122155928899,1
4.654336905647624,120,55.617536286758636,79.51124690482627,1
8.087560726833116,88,44.66384786520062,51.961795435687584,1
7.90117253833929,138,70.81769872194857,60.3431564935706,0
8.901298644537944,152,68.91502570098015,64.60567931475131,1
5.05232677176291,138,74.93570928567236,85.52292919755988,0
8.673505867207338,186,75.39437749008681,53.550807111748384,0
4.6186545355427455,73,75.79077330821923,72.17768195983432,1
7.490678550785343,151,42.44815300462361,59.73719277582609,1
8.574870997811907,107,80.88721755801689,79.7474963735912,1
6.608920733843848,123,43.56176233749087,40.0357164498126,0
5.994089098871102,133,40.17152811112604,84.88611803639529,1
7.86283732281111,110,84.78850113601771,50.81434547454572,0
8.117350136241484,91,75.8568470746626,88.53332396307428,1
8.761148875887523,68,89.05689909484485,54.90470160475762,1
4.340945047234754,125,69.22059523459109,79.8846043364563,1
4.958401006879929,148,79.71192047274567,89.93809986231273,1
7.9237599696452286,105,72.33929264485563,82.90137434612738,0
7.378617821265183,140,66.4557394935164,47.885960349362996,1
5.357489603786943,119,64.88092394988263,41.13465460065475,1
4.008805755779137,94,59.536751920684765,41.011166310766896,1
6.969785934129744,194,71.5968936782654,88.00310557457324,1
8.100986637107848,117,70.82584750613753,43.0954809038726,1
6.305809642930745,164,83.1541124842822,68.70340100305378,1
7.289943869743503,71,69.98608442308529,68.10269602649646,0
6.583680232933837,167,46.188790995351205,78.78826145254591,0
8.781913151726751,65,49.50682979846555,55.06342792355109,0
8.106316255029583,150,54.940183146612995,73.01368461546525,0
5.994423350831517,196,40.598367590646745,70.79591531535296,1
8.466732933465021,79,69.00284153857883,61.46878427941165,0
5.347305912669269,82,83.61704973700898,44.076002803932525,1
6.712567671586974,55,83.59040973838376,45.187209163839725,1
5.26241944802857,198,45.55688784454402,60.64100488716217,1
6.644984457697415,156,82.24223111092232,83.23429067620111,1
6.439525239971809,195,60.49627170676912,88.68421408364773,0
8.88947659844909,189,84.35869350925402,80.7716708320924,0
6.579585163251367,60,84.27658150523703,50.85278963420621,1
5.516008301985339,153,84.59519750065647,61.91981867956484,0
5.098391505555313,99,74.15612649391359,84.97661175978686,0
6.793864909646027,171,64.85303843051952,58.57727040364189,0
5.917441602211781,56,42.51488928161663,80.25891704889125,0
8.279394457214853,60,52.11804593475226,51.35215228907399,1
4.292995339301813,173,57.28655192704193,88.58217259509111,1
4.433991238030281,127,89.52377914469892,51.54765555959146,1
6.5052146424066235,73,40.02659391838783,48.10748690916219,1
5.832373141491166,137,73.50304455046066,76.81128916627756,0
7.7233126478456,175,70.19067867399787,46.63888376971331,0
4.520830087595335,90,41.2367200675464,86.98705338871082,0
8.796138748478468,61,61.252771678555156,88.06953993941818,1
7.42092439505476,128,52.46743962347068,69.55419809196637,1
4.2064952722634885,156,57.798359262884986,47.89442847967575,0
4.418940281566554,123,62.633260042697025,41.922643136939676,0
7.180453892838838,129,50.1063514196828,47.16078578341281,0
7.87391525626476,170,49.48855382268497,55.50872710757136,1
5.43329038429019,62,88.99366415440177,76.66339846699833,0
5.495118821538899,169,85.77739224694093,61.30401202455188,0
5.353233118768111,198,78.21527008746573,47.614812616417,1
5.394435261592934,117,50.41750164400515,81.1224481103464,1
4.38549188930557,199,59.4247164177271,61.951360133960065,0
6.705702936342033,109,45.88582089198026,48.22796249911696,0
4.026306152370978,80,57.860365430834904,64.55856145076912,0
7.7066056940367265,177,42.87741005697819,70.89136946454089,0
8.218340552354993,161,64.1812100289916,78.35649656781996,1
4.5389248293345,143,59.339256652867206,86.11224443523773,0
5.331948432128701,169,89.6970071032098,52.278790986195254,0
4.805746558034437,85,69.86336989969098,54.17441161613223,0
6.79703742153648,197,71.03825101610332,54.2226985177692,0
8.774494452398093,127,62.90111080859053,41.22536012471694,1
4.9564474657427295,129,87.57624309353949,88.18826495116107,0
8.67818226775714,152,71.02900254360753,85.08811683284824,1
6.568960669063606,184,62.592350359027364,40.98645930976258,0
5.2922138953866895,135,74.93491258259786,73.07595477983295,1
7.889354655592864,70,53.72343942530097,51.15924517749171,1
5.717719008679266,151,61.70327419271912,85.6882061833989,0
5.60618397407066,59,86.57016998565882,72.69582007886082,1
8.153227404293135,40,89.73120409025083,48.70243488624566,1
5.122239226044182,127,44.05533952743292,51.04695286678545,1
4.727671585126727,157,67.31499799584897,46.719576230131075,0
5.202401650044621,84,54.26342598368303,47.76106526976485,1
4.912598445822701,91,71.14677055947652,78.424415211768,1
5.339740617439434,121,48.94254277765922,82.09881694497456,0
5.751246205238483,134,81.71572902419186,71.48269616451066,0
8.098409194548552,90,56.94023894367285,57.90098066406831,0
5.58197923219584,147,75.46893528587546,80.68322322784988,1
8.196468683734434,126,79.7533912955553,86.17546019864994,1
4.192040471339661,131,59.720896953255746,82.07307203483327,0
6.896559853874517,108,88.69670437779561,58.685940836760665,0
6.963663871715887,57,45.062086387169416,43.04267928238464,0
6.965732007318115,83,74.76571515728611,43.247185048081164,1
7.257585138517985,84,59.76593428746493,64.62444870987507,0
8.46517792478058,124,51.18635135902774,66.79110232403278,1
5.008604166707881,53,61.940980224182525,44.86005540319549,1
4.202291894350886,127,42.12373468368245,80.34686433743505,0
5.688682815008976,196,59.54722854771271,62.3989843766967,1
6.825699410055526,46,87.29393801965446,47.91133282179599,1
7.654512328633989,97,41.707708458431185,81.51345459372347,0
8.0939062661412,112,50.22585223790276,84.86643307491045,1
8.150666054121212,103,67.93418648490524,72.59778943941646,1
4.5654702423075815,79,73.2140150368403,57.33263234237481,1
6.475147268832948,157,59.017607369337426,68.58776180545281,0
8.952603398998159,78,88.34758542112873,46.75948076045354,0
5.956511310989992,101,88.47788194946534,44.402606742430095,1
8.43527349197048,120,81.23828257467798,67.61218524342236,1
6.549344726896008,41,60.54846611582557,47.45295785918476,0
6.361968814493816,41,78.98573333859571,48.09890948778288,1
4.261329721343869,170,61.0030826434875,41.643118252944745,1
7.048170623733033,137,74.94068911736902,42.30047408829137,1
4.422367522535453,132,48.90223140543372,67.35172213322673,1
6.103373521147409,91,75.74998760637452,55.15350953285585,0
4.328288678423151,172,84.67494854819286,40.913247132056604,1
6.976943679792556,103,63.1260239384972,54.208507115517165,0
8.324875018705544,90,66.31351203790184,63.33214431506444,1
7.418018556636058,74,50.11031400682406,43.77987718940913,0
4.2845098245956335,169,49.38676576023126,81.87261017247292,0
7.696949059883187,70,40.84234006289409,47.74465191821795,0
8.407090678357942,69,70.78530363877118,79.56391641165355,1
8.898078844274563,97,49.48036005736617,73.28775418291559,0
7.003780663191511,129,47.664829949694145,68.18659278887961,1
4.606376263669156,161,66.4816043250458,79.31294810755381,0
8.660197046705541,89,85.49254343804174,81.60296449144803,0
7.553608296319553,81,72.8890976214791,85.90458807129257,0
5.827096917661117,131,60.73423780630914,48.01220541323827,1
5.436499574339134,158,52.26727166751513,45.57601654133685,1
7.141493882423074,157,63.90354587569951,82.10018542531176,1
5.737007164915097,43,61.97799613597546,86.00967083819086,0
8.704651124512697,62,51.149075405738294,58.33054552870002,0
4.408986725259864,197,52.18225604312814,60.00802859881122,0
6.277756987362482,176,89.85020169971975,74.14003334875648,1
6.410797674790054,56,79.97379467710903,75.33686738393838,1
4.901527702000886,53,85.3008605707899,47.04377429559222,0
7.542615104158945,131,87.5019630428371,62.42894477716031,1
4.219968924290981,122,82.20444856107889,75.69835596163293,0
6.607264463651555,48,46.64748089256555,74.67472523920773,1
7.773822329357698,88,84.40433085766838,49.06035170098862,0
7.964980528986525,123,55.72779540218093,49.99909517779733,0
4.114510774885307,77,84.81478663261903,62.66603748215091,1
4.6570691773755515,177,88.9129971353027,72.59515639682758,1
6.2068164072437995,47,40.88371858052969,80.35923468289815,0
7.303429140109591,197,88.40975945152951,59.1127215735328,0
5.82442558765786,170,80.11874964215528,73.26311630847624,1
5.997289789755435,53,76.224769010548,53.54515262694474,0
5.425836578991673,165,46.017978970401174,44.83318588096119,0
4.609336602218799,42,76.57997195563047,49.40411508513165,0
8.598672344348518,175,76.12241451140264,59.46868464732107,1
8.617005474016338,194,87.9500720530385,46.56133478657808,0
6.398380268014128,80,70.75013766823007,51.930679739486145,1
4.247586712626427,134,78.82774933812067,73.22757241453178,0
5.7847903156212634,134,75.89927207417261,85.24887706218863,1
5.6116951575428455,54,44.61479447498323,74.46466456486093,0
8.440525589654666,43,60.322287039758606,89.64406739854579,1
8.464534092414635,61,75.22678622552955,86.7840915889567,1
5.6249874310041985,108,49.93393426514748,62.54519834430775,1
5.496030187697442,132,84.83332406986,44.792573698314236,0
5.542566357116988,86,82.10612086769814,55.0945765535555,0
5.81648163091517,121,86.84254551694451,63.62071187050995,1
6.496336013762596,71,72.72219870056553,83.32917349425765,1
7.782516406328239,85,60.634473588766944,45.173012411657986,0
8.8452078886414,88,54.32316136487449,42.022810438783466,0
5.100623048895224,189,54.56139964833251,73.95738984534705,1
7.4429636574816564,142,82.01287164415479,48.66312772409447,0
4.400796707673655,112,48.241509809685766,49.03890309043949,0
6.907373118086788,151,60.7984825729924,78.78371171433943,0
7.117590134674977,78,84.4407161992148,48.970393666739525,0
6.798879299211107,198,43.81031307803348,67.69375529379539,1
7.99893902433966,44,65.13971707993359,49.42189269235738,1
5.538077640761838,176,79.98842409058621,46.4081078412834,1
4.284090786611798,84,52.6570506060875,45.913083472439105,0
7.574084371660643,43,52.51661044181594,59.464512022985545,0
8.550241815932578,86,44.59143214997208,48.216363993022334,1
5.563258338219195,74,52.47440119117181,43.022727084787356,0
4.754265528662837,93,42.729205335116426,42.828206238725066,1
6.501335241980096,91,44.77461780683881,57.864387255607014,1
4.5329601025017725,104,86.51689085487774,52.41471991813639,1
5.650232094331134,118,65.77283505218945,65.89671397605477,0
4.9051493269558195,105,52.29101218405163,87.12685581497433,0
4.275951211500488,83,59.420563636816524,59.57678073609335,1
4.048653632765391,68,85.0921122322217,79.67875546833275,0
8.90643699152617,130,84.04389567553925,69.93234328452345,0
7.613663497692408,143,49.76780915159939,60.864730052649236,1
5.938743904700438,148,41.91447738660754,84.12017586506026,0
6.622396117636086,171,45.156915747277,64.1496945005731,0
7.307198585810752,63,89.45150619259516,72.29531652347288,1
4.439343702252421,114,57.496101159719395,59.91848854449987,1
8.133971296533854,162,72.45010653606069,44.41844299144182,1
5.514676139391133,81,69.9472493583886,74.92967637763319,1
6.046881749395705,193,45.74042271615666,40.718738446280284,1
4.485622276274501,173,77.94040536624999,52.46812270486522,0
5.876929252926116,113,80.45077042925942,69.50193642410011,1
7.750141731728198,128,80.56964110308263,80.52061104663635,1
5.215407822922269,111,42.17329792384418,68.76429808170349,1
4.095016303308244,62,42.851159218276244,65.07925796866675,0
7.6307363126361505,58,40.784693490819826,50.27489292462328,1
8.594338478422749,47,74.03133987118775,61.25793769491274,0
6.134872536177951,93,87.44697196703622,46.23363261484141,0
8.874831927165003,53,79.42735584870533,59.89474119731341,1
4.290639164432341,115,73.41646792585954,66.923995161124,0
7.673413126470448,48,71.07397418341881,53.887348569263786,0
7.029262501211429,154,79.73739147768684,72.58446423313016,1
8.637766151961646,74,68.82731716734301,81.46058273779838,0
7.7577375247008895,98,58.98315887403813,42.89673087354084,0
4.462427584973144,62,57.17556655217152,46.5502739810812,1
5.0834968912537795,69,89.97038162566486,70.63362182147243,0
4.04579838076389,42,49.1678638316192,57.935948123677704,1
4.455873908215318,89,85.86508111808733,70.37074993381475,0
7.035067891688447,123,87.44659599275698,64.80620519451469,1
4.377269204050882,55,57.807499900576495,64.47626766772706,1
7.745095515412554,104,40.595973366054245,55.16646120850414,1
8.795082923008927,83,41.116190108848414,62.500071278981785,1
8.218706587632738,157,57.140660756297706,71.41027918692811,1
8.606277890411988,192,49.06629578839528,67.71960909057907,0
6.448332975150175,163,73.47864236487273,57.42357422470137,0
6.39548904493847,118,60.72636273605241,83.40765968030794,0
4.24173971802551,40,62.862856796707376,71.77527688511901,1
7.92400814586037,123,74.1110494629086,44.59252259868649,1
5.790189286626157,177,40.164828172500215,88.16044718324926,0
8.990057295257165,64,56.24997436351022,56.94497648739187,0
7.326037103754835,83,60.83574602994559,71.93147783906691,0
7.256754764457853,163,43.26786138952555,82.6870848697036,0
5.329047263392793,166,80.70785416902618,48.848435666922235,1
6.212977692025769,164,88.52614137760847,82.11935024601948,1
8.144456835871566,182,47.985425836016304,57.55480858109908,1
7.901006050494987,55,49.92108062019488,54.187656763620254,0
5.716988737627817,91,73.39422992554981,64.06358228930782,0
4.815730161645284,88,49.32772691134301,60.296959616797025,1
4.911286027795423,150,60.70641021405085,66.5262148170466,0
4.264158806596983,128,82.71858659760508,83.55102713219947,1
5.253778753182248,187,83.49408743186748,48.789722948000346,0
8.920726781952563,134,43.55391319828752,47.78980400772679,1
5.530242666779081,164,53.68334519501094,70.7571064755054,1
5.079893045051621,129,50.878638014996774,60.15790007746197,0
8.177507700987672,168,83.26794592435336,67.83112286873394,0
6.427390354522974,161,55.86147629656723,63.764327049774494,1
5.858720178743561,182,78.52828444014852,85.04209595201213,0
6.513983741129682,83,82.14458775577094,46.33791069213574,0
5.886217395830671,53,83.7906629223364,58.02978162036575,0
7.261952971518428,146,83.81086160885985,56.17528476934422,0
5.490229654311894,175,41.60923945681717,72.25333790985746,1
7.984223978274428,54,50.26762848975295,41.158027204028095,1
5.719906644539911,108,42.80452131674193,66.9316055246043,1
4.057516354107817,41,83.20532896112643,79.04412999073132,0
5.2068501756379675,91,88.53330171099374,49.35300587911206,0
5.752005832316819,74,61.06803181180606,68.4625426174877,1
5.027811765902204,159,46.747538385413975,56.93790669913763,0
7.849028923342043,141,78.01964569120705,83.67242536136523,1
7.622610828438267,129,69.34999228603382,47.230164496807,0
4.949011102738861,187,88.334513112129,52.91654078690656,1
6.458554945692881,150,80.88520642352862,70.44615103416746,1
5.679913374364723,161,70.39642875897208,83.86367910269058,0
7.848860925636908,194,67.33855202526969,63.01792830996655,1
4.002733145521326,163,88.802549803864,80.66245309873136,0
6.747242863230355,169,52.6979554936633,79.05005048721465,1
6.368164078386163,194,85.47690470800477,45.40694769468478,0
6.790371750291098,74,81.21429876667224,88.22497277233364,0
6.734711128707566,93,68.03435279218823,88.4313208888972,1
5.569477432390816,87,42.973932064838806,56.761054013098665,1
6.106035038596896,164,43.52856036904783,69.64907110009577,1
4.031887433948966,186,79.43506806866729,75.9245310495789,0
4.007542585979843,155,69.33395184550383,72.39165000213237,0
5.72162885416025,177,55.68764893163409,71.72027315331687,1
4.044765813344441,42,78.02657909862177,60.57459246720434,0
5.6052272466796325,156,71.43221272118272,88.00498014995766,0
8.86090247048706,103,86.73593010539736,68.22491582273749,1
6.939759791975753,59,75.8338590570591,54.29585772169198,0
5.566915974596921,62,44.64555551920948,44.452175527419925,0
4.910942180142994,102,85.56402764265476,80.38651711438249,0
8.539231328210358,46,68.67861511790952,79.82214431406715,0
7.005986134138733,137,58.55428467350049,47.102815462854025,1
4.8427110508532945,92,65.05952346207793,43.865874781468406,1
7.128813386300546,150,51.725599318240285,61.35609118586517,0
7.283560402900335,115,81.20309435094293,53.58072850997775,1
4.231037732445572,196,51.52306480825911,55.81803212599823,1
6.184587031896594,65,61.984770251215934,80.86316983829715,1
4.602707780492956,147,85.93720515225485,43.9699757162649,0
7.845456813016402,188,81.17841243465315,63.17900057408028,0
8.1235543092886,89,57.124703845303,86.59938078588041,1
6.721855358749911,165,72.2355939064234,44.10760658528794,0
6.499773225921055,152,74.40393531821704,42.19816866121616,1
6.397239079390825,132,49.08507420032789,49.05163041454743,0
6.518514916905754,97,88.18930422962995,58.39118349043562,1
7.864137992038141,134,73.15760153550346,56.72345803949143,0
6.551511297732171,49,85.78979055754927,79.92215020146344,0
5.73777733124892,87,50.95978946887218,80.2027382158494,1
7.22874369898114,96,42.00207345425491,65.76671310750609,0
7.698649442659055,132,53.64385401024933,57.64578058560606,1
7.654406849733015,66,68.43456195048786,67.71616910405162,0
5.769596743848956,169,60.495419681759216,49.778239012921404,0
6.754582701741761,179,73.88985498347918,40.95062552730235,1
5.318415948383164,153,71.08121953960354,83.39682959788144,0
8.448712786506622,162,73.23118370563267,81.35704322693381,1
7.502315140942599,175,88.36870288480185,42.65132104697395,1
5.235138746901761,167,66.87769016777419,61.4286029984298,0
6.744527438386897,124,79.86531505082539,77.64753944636837,0
6.827499929337783,49,48.21520212459869,72.22470818206281,0
7.861945797992832,199,85.56678439919304,61.59893810278359,1
4.6434239898966885,68,43.239689592442716,42.53183570293935,0
5.433210911207297,115,81.39131889458736,47.999105775446466,1
5.7715641325414,107,45.071415857462725,72.29167652107773,1
5.064910195150791,104,83.57161882911058,89.9090991258565,1
8.184991568238942,51,84.51929197539766,85.01755443415828,0
4.590918669902149,46,55.31778284034563,40.49051472145812,1
7.788513787364846,196,83.04654755254647,86.57763990822625,1
4.782144959856233,118,83.63133851427591,46.32232402080425,1
8.218637645041202,65,84.99633856758155,63.19101504874069,1
8.61237539200921,178,51.52524190183237,40.56145547038181,1
6.162886687303972,164,76.11670050510943,48.507668827081574,0
6.1463621076971355,135,82.572289076316,44.486661899118765,0
5.315332600396109,80,44.458708430821176,76.31606826759196,0
6.600245962413373,52,49.151593654039466,85.79895261164569,0
6.050690373759128,124,40.94115760925741,66.04152221265028,0
4.348988973181285,107,55.42568196976542,60.51748819041943,1
8.2807405466706,125,43.66967124315435,56.977006262279666,0
6.433339989513762,58,88.97040463767681,60.13682788490448,0
6.4383118156503425,144,76.31113224233366,80.25702638365512,0
4.984327354083647,161,53.14629870719804,43.750627947797355,1
5.655474403814491,131,62.70282066641967,52.12650585284096,0
6.831911547657539,96,40.60525577642394,40.58468863033085,0
5.678090984214606,128,61.325290851195064,70.3545740289135,1
8.013051833543658,186,67.85998936596306,68.29359854585947,1
8.983147436955626,187,49.20199087576716,47.952395144780276,1
4.892529410843211,105,55.25850787560714,79.66804010188588,1
7.171519379241818,143,82.64858997780433,81.24167879314531,1
7.3791234462952975,75,81.85880750479264,86.66581731573046,1
5.114204932220751,109,45.49302437350139,87.11295617654588,1
5.615173152354348,134,49.849336376451774,49.68104920266195,1
8.634971019395717,67,76.94975245986998,46.87462934437289,0
5.689697086271128,91,52.436202151635364,61.25000733223929,1
5.977183752769588,180,40.49205799155907,80.37484147363034,0
8.818511276357903,140,59.55848495345531,44.617896558859684,1
7.4236256579027895,62,40.863947648740954,41.78176540115499,0
5.293735561979137,190,47.65711817171046,67.82864707082527,0
6.139308969606473,92,81.06172386876275,49.344827739693784,1
6.877325533324301,135,55.5771380461002,85.00368788339136,1
7.42066719038604,165,68.75101303527205,88.24778781611965,1
7.053189396150308,68,64.58135535131863,40.13371799788607,0
4.942464029967085,99,66.91288643089518,66.70624793753048,1
7.576642368323967,43,56.85724071423344,69.6766729283298,0
5.4310107113191695,64,82.25428821033557,54.52854747015358,1
6.793165163802838,155,61.545803288642105,52.89770441193095,1
8.94387139749364,143,80.29757106092748,77.47928270897773,1
5.844542571201537,117,69.5645268855623,63.97173069575041,0
7.028208181220089,50,83.38193667500103,53.38418097957895,1
7.234391018442571,197,68.19850236792698,59.606318683026885,0
5.620816854225136,164,70.68626511950342,42.173615789576274,0
